<?xml version="1.0" encoding="UTF-8"?>
<project-private xmlns="http://www.netbeans.org/ns/project-private/1">
    <editor-bookmarks xmlns="http://www.netbeans.org/ns/editor-bookmarks/2" lastBookmarkId="0"/>
    <open-files xmlns="http://www.netbeans.org/ns/projectui-open-files/2">
        <group>
            <file>file:/C:/wamp/www/newproject/storage/logs/laravel.log</file>
            <file>file:/C:/wamp/www/newproject/resources/views/profileedit.blade.php</file>
            <file>file:/C:/wamp/www/newproject/app/Http/Controllers/HomeController.php</file>
            <file>file:/C:/wamp/www/newproject/routes/web.php</file>
            <file>file:/C:/wamp/www/newproject/resources/views/createpackages.blade.php</file>
        </group>
    </open-files>
</project-private>
